{
	"values": {
		"dead_layer_nm": 21.11474554032655,
		"lambda_L_100mT_nm": 28.484300873835767,
		"lambda_L_110mT_nm": 50.05670050351232,
		"lambda_L_125mT_nm": 145.92544209593672,
		"lambda_L_150mT_nm": 199.01074507075532,
		"lambda_L_200mT_nm": Infinity,
		"a": 63394.96475252201,
		"b": 13638.567949319922,
		"critical_temperature_K": 9.25,
		"critical_field_2_T": 410.0,
		"enhance_fact_100mT": 1.081,
		"enhance_fact_110mT": 1.0501925325103656,
		"enhance_fact_125mT": 1.0013063542559173,
		"enhance_fact_150mT": 1.0095473916014752,
		"enhance_fact_200mT": 1.0000004073493554
	},
	"errors": {
		"dead_layer_nm": 3.0146744745821543,
		"lambda_L_100mT_nm": 8.396626305983554,
		"lambda_L_110mT_nm": 9.210274449595861,
		"lambda_L_125mT_nm": 20.302787052547664,
		"lambda_L_150mT_nm": 33.28801751268237,
		"lambda_L_200mT_nm": 689.7910446156636,
		"a": 1823.5773702429578,
		"b": 984.8024161120884,
		"critical_temperature_K": 0.0925,
		"critical_field_2_T": 4.1,
		"enhance_fact_100mT": 0.01075268817204301,
		"enhance_fact_110mT": 0.030767123659658835,
		"enhance_fact_125mT": 0.015950227628389047,
		"enhance_fact_150mT": 0.04262128894482786,
		"enhance_fact_200mT": 0.011107492193909163
	},
	"limits": {
		"dead_layer_nm": [
			0.0,
			Infinity
		],
		"lambda_L_100mT_nm": [
			0.0,
			Infinity
		],
		"lambda_L_110mT_nm": [
			0.0,
			Infinity
		],
		"lambda_L_125mT_nm": [
			0.0,
			Infinity
		],
		"lambda_L_150mT_nm": [
			0.0,
			Infinity
		],
		"lambda_L_200mT_nm": [
			0.0,
			Infinity
		],
		"a": [
			0.0,
			Infinity
		],
		"b": [
			0.0,
			Infinity
		],
		"critical_temperature_K": [
			0.0,
			15.0
		],
		"critical_field_2_T": [
			0.0,
			Infinity
		],
		"enhance_fact_100mT": [
			1.0,
			1.081
		],
		"enhance_fact_110mT": [
			1.0,
			1.081
		],
		"enhance_fact_125mT": [
			1.0,
			1.081
		],
		"enhance_fact_150mT": [
			1.0,
			1.081
		],
		"enhance_fact_200mT": [
			1.0,
			1.081
		]
	},
	"fixed": {
		"dead_layer_nm": false,
		"lambda_L_100mT_nm": false,
		"lambda_L_110mT_nm": false,
		"lambda_L_125mT_nm": false,
		"lambda_L_150mT_nm": false,
		"lambda_L_200mT_nm": true,
		"a": false,
		"b": false,
		"critical_temperature_K": true,
		"critical_field_2_T": true,
		"enhance_fact_100mT": true,
		"enhance_fact_110mT": false,
		"enhance_fact_125mT": false,
		"enhance_fact_150mT": false,
		"enhance_fact_200mT": false
	},
	"merrors": {}
}